Title,Company,Location,Apply Link,Scraped Date
Senior Python Developer,"Payne, Roberts and Davis","Stewartbury, AA",https://realpython.github.io/fake-jobs/jobs/senior-python-developer-0.html,2025-10-08 03:41:30
Energy engineer,Vasquez-Davidson,"Christopherville, AA",https://realpython.github.io/fake-jobs/jobs/energy-engineer-1.html,2025-10-08 03:41:30
Legal executive,"Jackson, Chambers and Levy","Port Ericaburgh, AA",https://realpython.github.io/fake-jobs/jobs/legal-executive-2.html,2025-10-08 03:41:30
Fitness centre manager,Savage-Bradley,"East Seanview, AP",https://realpython.github.io/fake-jobs/jobs/fitness-centre-manager-3.html,2025-10-08 03:41:30
Product manager,Ramirez Inc,"North Jamieview, AP",https://realpython.github.io/fake-jobs/jobs/product-manager-4.html,2025-10-08 03:41:30
Medical technical officer,Rogers-Yates,"Davidville, AP",https://realpython.github.io/fake-jobs/jobs/medical-technical-officer-5.html,2025-10-08 03:41:30
Physiological scientist,Kramer-Klein,"South Christopher, AE",https://realpython.github.io/fake-jobs/jobs/physiological-scientist-6.html,2025-10-08 03:41:30
Textile designer,Meyers-Johnson,"Port Jonathan, AE",https://realpython.github.io/fake-jobs/jobs/textile-designer-7.html,2025-10-08 03:41:30
Television floor manager,Hughes-Williams,"Osbornetown, AE",https://realpython.github.io/fake-jobs/jobs/television-floor-manager-8.html,2025-10-08 03:41:30
Waste management officer,"Jones, Williams and Villa","Scotttown, AP",https://realpython.github.io/fake-jobs/jobs/waste-management-officer-9.html,2025-10-08 03:41:30
Software Engineer (Python),Garcia PLC,"Ericberg, AE",https://realpython.github.io/fake-jobs/jobs/software-engineer-python-10.html,2025-10-08 03:41:30
Interpreter,Gregory and Sons,"Ramireztown, AE",https://realpython.github.io/fake-jobs/jobs/interpreter-11.html,2025-10-08 03:41:30
Architect,"Clark, Garcia and Sosa","Figueroaview, AA",https://realpython.github.io/fake-jobs/jobs/architect-12.html,2025-10-08 03:41:30
Meteorologist,Bush PLC,"Kelseystad, AA",https://realpython.github.io/fake-jobs/jobs/meteorologist-13.html,2025-10-08 03:41:30
Audiological scientist,Salazar-Meyers,"Williamsburgh, AE",https://realpython.github.io/fake-jobs/jobs/audiological-scientist-14.html,2025-10-08 03:41:30
English as a second language teacher,"Parker, Murphy and Brooks","Mitchellburgh, AE",https://realpython.github.io/fake-jobs/jobs/english-as-a-second-language-teacher-15.html,2025-10-08 03:41:30
Surgeon,Cruz-Brown,"West Jessicabury, AA",https://realpython.github.io/fake-jobs/jobs/surgeon-16.html,2025-10-08 03:41:30
Equities trader,Macdonald-Ferguson,"Maloneshire, AE",https://realpython.github.io/fake-jobs/jobs/equities-trader-17.html,2025-10-08 03:41:30
Newspaper journalist,"Williams, Peterson and Rojas","Johnsonton, AA",https://realpython.github.io/fake-jobs/jobs/newspaper-journalist-18.html,2025-10-08 03:41:30
Materials engineer,Smith and Sons,"South Davidtown, AP",https://realpython.github.io/fake-jobs/jobs/materials-engineer-19.html,2025-10-08 03:41:30
Python Programmer (Entry-Level),"Moss, Duncan and Allen","Port Sara, AE",https://realpython.github.io/fake-jobs/jobs/python-programmer-entry-level-20.html,2025-10-08 03:41:30
Product/process development scientist,Gomez-Carroll,"Marktown, AA",https://realpython.github.io/fake-jobs/jobs/product-process-development-scientist-21.html,2025-10-08 03:41:30
"Scientist, research (maths)","Manning, Welch and Herring","Laurenland, AE",https://realpython.github.io/fake-jobs/jobs/scientist-research-maths-22.html,2025-10-08 03:41:30
Ecologist,"Lee, Gutierrez and Brown","Lauraton, AP",https://realpython.github.io/fake-jobs/jobs/ecologist-23.html,2025-10-08 03:41:30
Materials engineer,"Davis, Serrano and Cook","South Tammyberg, AP",https://realpython.github.io/fake-jobs/jobs/materials-engineer-24.html,2025-10-08 03:41:30
Historic buildings inspector/conservation officer,Smith LLC,"North Brandonville, AP",https://realpython.github.io/fake-jobs/jobs/historic-buildings-inspector-conservation-officer-25.html,2025-10-08 03:41:30
Data scientist,Thomas Group,"Port Robertfurt, AA",https://realpython.github.io/fake-jobs/jobs/data-scientist-26.html,2025-10-08 03:41:30
Psychiatrist,Silva-King,"Burnettbury, AE",https://realpython.github.io/fake-jobs/jobs/psychiatrist-27.html,2025-10-08 03:41:30
Structural engineer,Pierce-Long,"Herbertside, AA",https://realpython.github.io/fake-jobs/jobs/structural-engineer-28.html,2025-10-08 03:41:30
Immigration officer,Walker-Simpson,"Christopherport, AP",https://realpython.github.io/fake-jobs/jobs/immigration-officer-29.html,2025-10-08 03:41:30
Python Programmer (Entry-Level),Cooper and Sons,"West Victor, AE",https://realpython.github.io/fake-jobs/jobs/python-programmer-entry-level-30.html,2025-10-08 03:41:30
Neurosurgeon,"Donovan, Gonzalez and Figueroa","Port Aaron, AP",https://realpython.github.io/fake-jobs/jobs/neurosurgeon-31.html,2025-10-08 03:41:30
Broadcast engineer,"Morgan, Butler and Bennett","Loribury, AA",https://realpython.github.io/fake-jobs/jobs/broadcast-engineer-32.html,2025-10-08 03:41:30
Make,Snyder-Lee,"Angelastad, AP",https://realpython.github.io/fake-jobs/jobs/make-33.html,2025-10-08 03:41:30
"Nurse, adult",Harris PLC,"Larrytown, AE",https://realpython.github.io/fake-jobs/jobs/nurse-adult-34.html,2025-10-08 03:41:30
Air broker,Washington PLC,"West Colin, AP",https://realpython.github.io/fake-jobs/jobs/air-broker-35.html,2025-10-08 03:41:30
"Editor, film/video","Brown, Price and Campbell","West Stephanie, AP",https://realpython.github.io/fake-jobs/jobs/editor-film-video-36.html,2025-10-08 03:41:30
"Production assistant, radio",Mcgee PLC,"Laurentown, AP",https://realpython.github.io/fake-jobs/jobs/production-assistant-radio-37.html,2025-10-08 03:41:30
"Engineer, communications",Dixon Inc,"Wrightberg, AP",https://realpython.github.io/fake-jobs/jobs/engineer-communications-38.html,2025-10-08 03:41:30
Sales executive,"Thompson, Sheppard and Ward","Alberttown, AE",https://realpython.github.io/fake-jobs/jobs/sales-executive-39.html,2025-10-08 03:41:30
Software Developer (Python),Adams-Brewer,"Brockburgh, AE",https://realpython.github.io/fake-jobs/jobs/software-developer-python-40.html,2025-10-08 03:41:30
Futures trader,Schneider-Brady,"North Jason, AE",https://realpython.github.io/fake-jobs/jobs/futures-trader-41.html,2025-10-08 03:41:30
Tour manager,Gonzales-Frank,"Arnoldhaven, AE",https://realpython.github.io/fake-jobs/jobs/tour-manager-42.html,2025-10-08 03:41:30
Cytogeneticist,Smith-Wong,"Lake Destiny, AP",https://realpython.github.io/fake-jobs/jobs/cytogeneticist-43.html,2025-10-08 03:41:30
"Designer, multimedia",Pierce-Herrera,"South Timothyburgh, AP",https://realpython.github.io/fake-jobs/jobs/designer-multimedia-44.html,2025-10-08 03:41:30
Trade union research officer,"Aguilar, Rivera and Quinn","New Jimmyton, AE",https://realpython.github.io/fake-jobs/jobs/trade-union-research-officer-45.html,2025-10-08 03:41:30
"Chemist, analytical","Lowe, Barnes and Thomas","New Lucasbury, AP",https://realpython.github.io/fake-jobs/jobs/chemist-analytical-46.html,2025-10-08 03:41:30
"Programmer, multimedia","Lewis, Gonzalez and Vasquez","Port Cory, AE",https://realpython.github.io/fake-jobs/jobs/programmer-multimedia-47.html,2025-10-08 03:41:30
"Engineer, broadcasting (operations)",Taylor PLC,"Gileston, AA",https://realpython.github.io/fake-jobs/jobs/engineer-broadcasting-operations-48.html,2025-10-08 03:41:30
"Teacher, primary school","Oliver, Jones and Ramirez","Cindyshire, AA",https://realpython.github.io/fake-jobs/jobs/teacher-primary-school-49.html,2025-10-08 03:41:30
Python Developer,Rivera and Sons,"East Michaelfort, AA",https://realpython.github.io/fake-jobs/jobs/python-developer-50.html,2025-10-08 03:41:30
Manufacturing systems engineer,Garcia PLC,"Joybury, AE",https://realpython.github.io/fake-jobs/jobs/manufacturing-systems-engineer-51.html,2025-10-08 03:41:30
"Producer, television/film/video","Johnson, Wells and Kramer","Emmatown, AE",https://realpython.github.io/fake-jobs/jobs/producer-television-film-video-52.html,2025-10-08 03:41:30
"Scientist, forensic",Gonzalez LLC,"Colehaven, AP",https://realpython.github.io/fake-jobs/jobs/scientist-forensic-53.html,2025-10-08 03:41:30
Bonds trader,"Morgan, White and Macdonald","Port Coryton, AE",https://realpython.github.io/fake-jobs/jobs/bonds-trader-54.html,2025-10-08 03:41:30
Editorial assistant,Robinson-Fitzpatrick,"Amyborough, AA",https://realpython.github.io/fake-jobs/jobs/editorial-assistant-55.html,2025-10-08 03:41:30
Photographer,"Waters, Wilson and Hoover","Reynoldsville, AA",https://realpython.github.io/fake-jobs/jobs/photographer-56.html,2025-10-08 03:41:30
Retail banker,Hill LLC,"Port Billy, AP",https://realpython.github.io/fake-jobs/jobs/retail-banker-57.html,2025-10-08 03:41:30
Jewellery designer,Li-Gregory,"Adamburgh, AA",https://realpython.github.io/fake-jobs/jobs/jewellery-designer-58.html,2025-10-08 03:41:30
Ophthalmologist,"Fisher, Ryan and Coleman","Wilsonmouth, AA",https://realpython.github.io/fake-jobs/jobs/ophthalmologist-59.html,2025-10-08 03:41:30
"Back-End Web Developer (Python, Django)",Stewart-Alexander,"South Kimberly, AA",https://realpython.github.io/fake-jobs/jobs/back-end-web-developer-python-django-60.html,2025-10-08 03:41:30
Licensed conveyancer,Abbott and Sons,"Benjaminland, AP",https://realpython.github.io/fake-jobs/jobs/licensed-conveyancer-61.html,2025-10-08 03:41:30
Futures trader,"Bryant, Santana and Davenport","Zacharyport, AA",https://realpython.github.io/fake-jobs/jobs/futures-trader-62.html,2025-10-08 03:41:30
Counselling psychologist,Smith PLC,"Port Devonville, AE",https://realpython.github.io/fake-jobs/jobs/counselling-psychologist-63.html,2025-10-08 03:41:30
Insurance underwriter,Patterson-Singh,"East Thomas, AE",https://realpython.github.io/fake-jobs/jobs/insurance-underwriter-64.html,2025-10-08 03:41:30
"Engineer, automotive",Martinez-Berry,"New Jeffrey, AP",https://realpython.github.io/fake-jobs/jobs/engineer-automotive-65.html,2025-10-08 03:41:30
"Producer, radio","May, Taylor and Fisher","Davidside, AA",https://realpython.github.io/fake-jobs/jobs/producer-radio-66.html,2025-10-08 03:41:30
Dispensing optician,"Bailey, Owen and Thompson","Jamesville, AA",https://realpython.github.io/fake-jobs/jobs/dispensing-optician-67.html,2025-10-08 03:41:30
"Designer, fashion/clothing",Vasquez Ltd,"New Kelly, AP",https://realpython.github.io/fake-jobs/jobs/designer-fashion-clothing-68.html,2025-10-08 03:41:30
Chartered loss adjuster,Leblanc LLC,"Lake Antonio, AA",https://realpython.github.io/fake-jobs/jobs/chartered-loss-adjuster-69.html,2025-10-08 03:41:30
"Back-End Web Developer (Python, Django)","Jackson, Ali and Mckee","New Elizabethside, AA",https://realpython.github.io/fake-jobs/jobs/back-end-web-developer-python-django-70.html,2025-10-08 03:41:30
Forest/woodland manager,"Blankenship, Knight and Powell","Millsbury, AE",https://realpython.github.io/fake-jobs/jobs/forest-woodland-manager-71.html,2025-10-08 03:41:30
Clinical cytogeneticist,"Patton, Haynes and Jones","Lloydton, AP",https://realpython.github.io/fake-jobs/jobs/clinical-cytogeneticist-72.html,2025-10-08 03:41:30
Print production planner,Wood Inc,"Port Jeremy, AA",https://realpython.github.io/fake-jobs/jobs/print-production-planner-73.html,2025-10-08 03:41:30
Systems developer,Collins Group,"New Elizabethtown, AA",https://realpython.github.io/fake-jobs/jobs/systems-developer-74.html,2025-10-08 03:41:30
Graphic designer,Flores-Nelson,"Charlesstad, AE",https://realpython.github.io/fake-jobs/jobs/graphic-designer-75.html,2025-10-08 03:41:30
Writer,"Mitchell, Jones and Olson","Josephbury, AE",https://realpython.github.io/fake-jobs/jobs/writer-76.html,2025-10-08 03:41:30
Field seismologist,Howard Group,"Seanfurt, AA",https://realpython.github.io/fake-jobs/jobs/field-seismologist-77.html,2025-10-08 03:41:30
Chief Strategy Officer,Kramer-Edwards,"Williambury, AA",https://realpython.github.io/fake-jobs/jobs/chief-strategy-officer-78.html,2025-10-08 03:41:30
Air cabin crew,Berry-Houston,"South Jorgeside, AP",https://realpython.github.io/fake-jobs/jobs/air-cabin-crew-79.html,2025-10-08 03:41:30
Python Programmer (Entry-Level),Mathews Inc,"Robertborough, AP",https://realpython.github.io/fake-jobs/jobs/python-programmer-entry-level-80.html,2025-10-08 03:41:30
Warden/ranger,Riley-Johnson,"South Saratown, AP",https://realpython.github.io/fake-jobs/jobs/warden-ranger-81.html,2025-10-08 03:41:30
Sports therapist,Spencer and Sons,"Hullview, AA",https://realpython.github.io/fake-jobs/jobs/sports-therapist-82.html,2025-10-08 03:41:30
Arts development officer,Camacho-Sanchez,"Philipland, AP",https://realpython.github.io/fake-jobs/jobs/arts-development-officer-83.html,2025-10-08 03:41:30
Printmaker,Oliver and Sons,"North Patty, AE",https://realpython.github.io/fake-jobs/jobs/printmaker-84.html,2025-10-08 03:41:30
Health and safety adviser,Eaton PLC,"North Stephen, AE",https://realpython.github.io/fake-jobs/jobs/health-and-safety-adviser-85.html,2025-10-08 03:41:30
Manufacturing systems engineer,Stanley-Frederick,"Stevensland, AP",https://realpython.github.io/fake-jobs/jobs/manufacturing-systems-engineer-86.html,2025-10-08 03:41:30
"Programmer, applications",Bradley LLC,"Reyesstad, AE",https://realpython.github.io/fake-jobs/jobs/programmer-applications-87.html,2025-10-08 03:41:30
Medical physicist,"Parker, Goodwin and Zavala","Bellberg, AP",https://realpython.github.io/fake-jobs/jobs/medical-physicist-88.html,2025-10-08 03:41:30
Media planner,Kim-Miles,"North Johnland, AE",https://realpython.github.io/fake-jobs/jobs/media-planner-89.html,2025-10-08 03:41:30
Software Developer (Python),Moreno-Rodriguez,"Martinezburgh, AE",https://realpython.github.io/fake-jobs/jobs/software-developer-python-90.html,2025-10-08 03:41:30
"Surveyor, land/geomatics",Brown-Ortiz,"Joshuatown, AE",https://realpython.github.io/fake-jobs/jobs/surveyor-land-geomatics-91.html,2025-10-08 03:41:30
Legal executive,Hartman PLC,"West Ericstad, AA",https://realpython.github.io/fake-jobs/jobs/legal-executive-92.html,2025-10-08 03:41:30
"Librarian, academic",Brooks Inc,"Tuckertown, AE",https://realpython.github.io/fake-jobs/jobs/librarian-academic-93.html,2025-10-08 03:41:30
Barrister,Washington-Castillo,"Perezton, AE",https://realpython.github.io/fake-jobs/jobs/barrister-94.html,2025-10-08 03:41:30
Museum/gallery exhibitions officer,"Nguyen, Yoder and Petty","Lake Abigail, AE",https://realpython.github.io/fake-jobs/jobs/museum-gallery-exhibitions-officer-95.html,2025-10-08 03:41:30
"Radiographer, diagnostic",Holder LLC,"Jacobshire, AP",https://realpython.github.io/fake-jobs/jobs/radiographer-diagnostic-96.html,2025-10-08 03:41:30
Database administrator,Yates-Ferguson,"Port Susan, AE",https://realpython.github.io/fake-jobs/jobs/database-administrator-97.html,2025-10-08 03:41:30
Furniture designer,Ortega-Lawrence,"North Tiffany, AA",https://realpython.github.io/fake-jobs/jobs/furniture-designer-98.html,2025-10-08 03:41:30
Ship broker,"Fuentes, Walls and Castro","Michelleville, AP",https://realpython.github.io/fake-jobs/jobs/ship-broker-99.html,2025-10-08 03:41:30
